[
    {
        "name": "Kung Fu Masters (2017) 720p HDRip x264 - SHADOW mp4",
        "url": "http://146.196.48.9/emby/Items/193471/Download?api_key"
    },
    {
        "name": "The Nut Job 2 Nutty by Nature 2017 720p BRRip 850MB MkvCage mkv",
        "url": "http://146.196.48.9/emby/Items/193472/Download?api_key"
    },
    {
        "name": "Rock Dog 2017 DVDrip HQCAMAudio XviD-MrGrey avi",
        "url": "http://146.196.48.9/emby/Items/193473/Download?api_key"
    },
    {
        "name": "Black Butler Book of the Atlantic 2017 720p BluRay x264 800MB-Pahe in mkv",
        "url": "http://146.196.48.9/emby/Items/193474/Download?api_key"
    },
    {
        "name": "Mary and the Witchs Flower 2017 720p BRRip 900MB MkvCage Com mkv",
        "url": "http://146.196.48.9/emby/Items/193475/Download?api_key"
    },
    {
        "name": "The Big Bad Fox And Other Tales 2017 1080p BluRay x264-[YTS LT] mp4",
        "url": "http://146.196.48.9/emby/Items/193476/Download?api_key"
    },
    {
        "name": "Sahara 2017 720p BRRip 750MB MkvCage mkv",
        "url": "http://146.196.48.9/emby/Items/193477/Download?api_key"
    },
    {
        "name": "Cinderella The Cat 2017 1080p BluRay x264-[YTS LT] mp4",
        "url": "http://146.196.48.9/emby/Items/193478/Download?api_key"
    },
    {
        "name": "All I Want for Christmas Is You 2017 720p WEB-DL 700MB MkvCage mkv",
        "url": "http://146.196.48.9/emby/Items/193479/Download?api_key"
    },
    {
        "name": "GadgetGang in Outer Space 2017 English 720p Web-DL ESubs mkv",
        "url": "http://146.196.48.9/emby/Items/193480/Download?api_key"
    },
    {
        "name": "Plan Egg (2017) 720p WEB-DL x264 [Dual Audio][Hindi DD2 0+Chinese 2 0] mkv",
        "url": "http://146.196.48.9/emby/Items/193481/Download?api_key"
    },
    {
        "name": "Condorito 2017 720p WEB-DL 700MB MkvCage mkv",
        "url": "http://146.196.48.9/emby/Items/193482/Download?api_key"
    },
    {
        "name": "Justice League Dark 2017 720p BluRay 700MB ShAaNiG mkv",
        "url": "http://146.196.48.9/emby/Items/193483/Download?api_key"
    },
    {
        "name": "Justice League Dark 2017 720p BRRip 700MB MkvCage mkv",
        "url": "http://146.196.48.9/emby/Items/193484/Download?api_key"
    },
    {
        "name": "Cargo 2017 1080p BluRay x264-[YTS AG] mp4",
        "url": "http://146.196.48.9/emby/Items/193485/Download?api_key"
    },
    {
        "name": "Resident Evil Vendetta 2017 720p BRRip 850MB MkvCage mkv",
        "url": "http://146.196.48.9/emby/Items/193486/Download?api_key"
    },
    {
        "name": "The Son Of Bigfoot 2017 720p BRRip 850MB MkvCage mkv",
        "url": "http://146.196.48.9/emby/Items/193487/Download?api_key"
    },
    {
        "name": "Barbie Dreamtopia Festival of Fun 2017 720p WEBRip 800MB x264-GalaxyRG mkv",
        "url": "http://146.196.48.9/emby/Items/193488/Download?api_key"
    },
    {
        "name": "Gnome Alone 2017 720p WEB-DL MkvCage WS mkv",
        "url": "http://146.196.48.9/emby/Items/193489/Download?api_key"
    },
    {
        "name": "Bunyan and Babe 2017 720p WEB-DL 650MB MkvCage mkv",
        "url": "http://146.196.48.9/emby/Items/193490/Download?api_key"
    },
    {
        "name": "Doraemon Movie 2017 720p BRRip 900MB MkvCage mkv",
        "url": "http://146.196.48.9/emby/Items/193491/Download?api_key"
    },
    {
        "name": "Godzilla Planet Of The Monsters Part 1 720p WEBRip 750MB MkvCage mkv",
        "url": "http://146.196.48.9/emby/Items/193492/Download?api_key"
    },
    {
        "name": "Yamasong March Of The Hollows 2017 720p WEBRip 800MB x264-GalaxyRG mkv",
        "url": "http://146.196.48.9/emby/Items/193493/Download?api_key"
    },
    {
        "name": "Teen Titans The Judas Contract 2017 720p BRRiP 800MB ShAaNiG mkv",
        "url": "http://146.196.48.9/emby/Items/193494/Download?api_key"
    },
    {
        "name": "Deep 2017 720p BluRay x264 750MB-Pahe in mkv",
        "url": "http://146.196.48.9/emby/Items/193495/Download?api_key"
    },
    {
        "name": "The Incredible Story of the Giant Pear 2017 720p Dual YG mkv",
        "url": "http://146.196.48.9/emby/Items/193496/Download?api_key"
    },
    {
        "name": "My Little Pony The Movie 2017 720p BRRip 900MB MkvCage mkv",
        "url": "http://146.196.48.9/emby/Items/193497/Download?api_key"
    },
    {
        "name": "Ferdinand 2017 720p BRRip 999MB MkvCage mkv",
        "url": "http://146.196.48.9/emby/Items/193498/Download?api_key"
    },
    {
        "name": "Tad the Lost Explorer and the Secret of King Midas 2017 720 BRRip 750MB MkvCage mkv",
        "url": "http://146.196.48.9/emby/Items/193499/Download?api_key"
    },
    {
        "name": "Howard Lovecraft and the Undersea Kingdom 2017 720p WEB-DL x264 600MB-Pahe in mkv",
        "url": "http://146.196.48.9/emby/Items/193500/Download?api_key"
    },
    {
        "name": "Moomins and the Winter Wonderland 2017 720p BluRay H264 AAC-RARBG mp4",
        "url": "http://146.196.48.9/emby/Items/193501/Download?api_key"
    },
    {
        "name": "2017 Oscar Nominated Short Films Animation 2017 720p WEB-DL 700MB MkvCage mkv",
        "url": "http://146.196.48.9/emby/Items/193502/Download?api_key"
    },
    {
        "name": "The Little Vampire 2017 720p WEB-DL 650MB MkvCage mkv",
        "url": "http://146.196.48.9/emby/Items/193503/Download?api_key"
    },
    {
        "name": "LEGO DC Super Hero Girls Brain Drain 2017 720p WEB-DL 600MB MkvCage mkv",
        "url": "http://146.196.48.9/emby/Items/193504/Download?api_key"
    },
    {
        "name": "Coco 2017 720p BRRip 999MB MkvCage mkv",
        "url": "http://146.196.48.9/emby/Items/193505/Download?api_key"
    },
    {
        "name": "A Unicorn Adventure 2017 1080p WEBRip x264-[YTS LT] mp4",
        "url": "http://146.196.48.9/emby/Items/193506/Download?api_key"
    },
    {
        "name": "Sea Monsters 2017 720p WEB-DL AAC 2 0 x264 [MW] mkv",
        "url": "http://146.196.48.9/emby/Items/193507/Download?api_key"
    },
    {
        "name": "Cars 3 2017 720p BRRip 950MB MkvCage mkv",
        "url": "http://146.196.48.9/emby/Items/193508/Download?api_key"
    },
    {
        "name": "Scooby-Doo Shaggys Showdown 2017 720p WEB-DL 600MB MkvCage mkv",
        "url": "http://146.196.48.9/emby/Items/193509/Download?api_key"
    },
    {
        "name": "Motu Patlu  - The Invisible Plane (2017) 720p WEB HD mp4",
        "url": "http://146.196.48.9/emby/Items/193510/Download?api_key"
    },
    {
        "name": "Throne of Elves 2017 720p BluRay mp4",
        "url": "http://146.196.48.9/emby/Items/193511/Download?api_key"
    },
    {
        "name": "Puss in Book Trapped in an Epic Tale 2017 720p WEB-DL x264 ESubs mkv",
        "url": "http://146.196.48.9/emby/Items/193512/Download?api_key"
    },
    {
        "name": "Pokemon the Movie I Choose You 2017 DUBBED 720p WEBRip 750MB MkvCage mkv",
        "url": "http://146.196.48.9/emby/Items/193513/Download?api_key"
    },
    {
        "name": "Tall Tales from the Magical Garden of Antoon Krings (2017) 720p WEB-DL x264 AAC 5 1 ESub mkv",
        "url": "http://146.196.48.9/emby/Items/193514/Download?api_key"
    },
    {
        "name": "Monster Family 720p BRRip 850MB MkvCage mkv",
        "url": "http://146.196.48.9/emby/Items/193515/Download?api_key"
    },
    {
        "name": "Vixen The Movie 2017 720p BRRip x264 AAC - Hon3y mkv",
        "url": "http://146.196.48.9/emby/Items/193516/Download?api_key"
    },
    {
        "name": "A Storks Journey 2017 720p BRRip 750MB MkvCage mkv",
        "url": "http://146.196.48.9/emby/Items/193517/Download?api_key"
    },
    {
        "name": "Tehran Taboo 2017 720p AMZN WEB-DL MkvCage Com mkv",
        "url": "http://146.196.48.9/emby/Items/193518/Download?api_key"
    },
    {
        "name": "Starship Troopers Traitors Mars 2017 BRRip 800MB MkvCage mkv",
        "url": "http://146.196.48.9/emby/Items/193519/Download?api_key"
    },
    {
        "name": "Monster Island 2017 720 WEB-DL 650MB MkvCage mkv",
        "url": "http://146.196.48.9/emby/Items/193520/Download?api_key"
    },
    {
        "name": "Tangled Before Ever After 2017 720p WEB-DL 450MB MkvCage mkv",
        "url": "http://146.196.48.9/emby/Items/193521/Download?api_key"
    },
    {
        "name": "Harvie And The Magic Museum 2017 1080p WEBRip x264-[YTS LT] mp4",
        "url": "http://146.196.48.9/emby/Items/193522/Download?api_key"
    },
    {
        "name": "Batman and Harley Quinn 2017 720p BRRip 650MB MkvCage mkv",
        "url": "http://146.196.48.9/emby/Items/193523/Download?api_key"
    },
    {
        "name": "The Boss Baby 2017 720p BRRip 900MB MkvCage mkv",
        "url": "http://146.196.48.9/emby/Items/193524/Download?api_key"
    },
    {
        "name": "Sword Art Online The Movie Ordinal Scale 2017 720p BRRip 1GB MkvCage mkv",
        "url": "http://146.196.48.9/emby/Items/193525/Download?api_key"
    },
    {
        "name": "Surfs Up 2 WaveMania 2017 720p WEB-DL 800MB ShAaNiG mkv",
        "url": "http://146.196.48.9/emby/Items/193526/Download?api_key"
    },
    {
        "name": "The Emoji Movie 2017 720p BRRip 850MB MkvCage mkv",
        "url": "http://146.196.48.9/emby/Items/193527/Download?api_key"
    },
    {
        "name": "The Lego Ninjago Movie 2017 720p BRRip 950MB MkvCage mkv",
        "url": "http://146.196.48.9/emby/Items/193528/Download?api_key"
    },
    {
        "name": "Smurfs The Lost Village 2017 720p BRRip 800MB MkvCage mkv",
        "url": "http://146.196.48.9/emby/Items/193529/Download?api_key"
    },
    {
        "name": "Olafs Frozen Adventure 2017 720p WEB-DL MkvCage mkv",
        "url": "http://146.196.48.9/emby/Items/193530/Download?api_key"
    },
    {
        "name": "The Breadwinner 2017 720p BRRip 850MB MkvCage mkv",
        "url": "http://146.196.48.9/emby/Items/193531/Download?api_key"
    },
    {
        "name": "Batman vs Two-Face 2017 720p BRRip 650MB MkvCage mkv",
        "url": "http://146.196.48.9/emby/Items/193532/Download?api_key"
    },
    {
        "name": "Lego Scooby Doo Blowout Beach Bash 2017 720p BRRip 700MB MkvCage mkv",
        "url": "http://146.196.48.9/emby/Items/193533/Download?api_key"
    },
    {
        "name": "Fairy Tail-The Movie - Dragon Cry (2017) 480p mp4",
        "url": "http://146.196.48.9/emby/Items/193534/Download?api_key"
    },
    {
        "name": "MFKZ 2017 1080p BluRay x264-[YTS LT] mp4",
        "url": "http://146.196.48.9/emby/Items/193535/Download?api_key"
    },
    {
        "name": "Easter Bunny Adventure 2017 720p WEB-DL AAC 2 0 x264 [MW] mkv",
        "url": "http://146.196.48.9/emby/Items/193536/Download?api_key"
    },
    {
        "name": "Loving Vincent 2017 720P BRRip 850MB MkvCage mkv",
        "url": "http://146.196.48.9/emby/Items/193537/Download?api_key"
    },
    {
        "name": "Detective Conan Movie 21_ The Crimson Love Letter [720p] mkv",
        "url": "http://146.196.48.9/emby/Items/193538/Download?api_key"
    },
    {
        "name": "A Frozen Christmas 2 2017 DVDRp x264-SPOOKS mkv",
        "url": "http://146.196.48.9/emby/Items/193539/Download?api_key"
    },
    {
        "name": "The Star 2017 720p BRRip 800MB MkvCage mkv",
        "url": "http://146.196.48.9/emby/Items/193540/Download?api_key"
    },
    {
        "name": "Hey Arnold The Jungle Movie 2017 720p WEB-HD x264 600MB-Pahe in mkv",
        "url": "http://146.196.48.9/emby/Items/193541/Download?api_key"
    },
    {
        "name": "NO GAME NO LIFE - ZERO [BD 720p h264 10-bit AAC 5 1] mkv",
        "url": "http://146.196.48.9/emby/Items/193542/Download?api_key"
    },
    {
        "name": "Blame 2017 720p BRRip 999MB MkvCage mkv",
        "url": "http://146.196.48.9/emby/Items/193543/Download?api_key"
    },
    {
        "name": "Despicable Me 3 2017 1080p BluRay x264-[YTS AG] mp4",
        "url": "http://146.196.48.9/emby/Items/193544/Download?api_key"
    },
    {
        "name": "Trolls Holiday 2017 720p WEB-DL MkvCage mkv",
        "url": "http://146.196.48.9/emby/Items/193545/Download?api_key"
    },
    {
        "name": "Captain Underpants The First Epic Movie 2017 720p BRRip 800MB MkvCage mkv",
        "url": "http://146.196.48.9/emby/Items/193546/Download?api_key"
    },
    {
        "name": "Woody Woodpecker 2017 720p WEB-DL 700MB MkvCage mkv",
        "url": "http://146.196.48.9/emby/Items/193547/Download?api_key"
    },
    {
        "name": "Napping Princess 2017 HD720P X264 AAC Japanese CHS mp4",
        "url": "http://146.196.48.9/emby/Items/193548/Download?api_key"
    },
    {
        "name": "Fireworks Should We See It from the Side or the Bottom 2017 720p BRRip x264 MkvCage ws mkv",
        "url": "http://146.196.48.9/emby/Items/193549/Download?api_key"
    },
    {
        "name": "Hanuman Da    Damdaar 2017 Hindi (1CD) Pre-DvDRip x264 AAC - Hon3y mkv",
        "url": "http://146.196.48.9/emby/Items/193550/Download?api_key"
    },
    {
        "name": "The LEGO Batman Movie 2017 720p BRRip 950MB MkvCage mkv",
        "url": "http://146.196.48.9/emby/Items/193551/Download?api_key"
    },
    {
        "name": "Tom and Jerry Willy Wonka and the Chocolate Factory 2017 720p WEB-DL 600MB MkvCage mkv",
        "url": "http://146.196.48.9/emby/Items/193552/Download?api_key"
    },
    {
        "name": "Kuroko no Basket Last Game 2017 720p HDRip 700MB MkvCage mkv",
        "url": "http://146.196.48.9/emby/Items/193553/Download?api_key"
    },
    {
        "name": "Fishtales 2 2017 720p WEB-DL x264 [MW] mkv",
        "url": "http://146.196.48.9/emby/Items/193554/Download?api_key"
    },
    {
        "name": "Monster Hunter Legends Of The Guild 2021 1080p WEBRip x264 AAC5 1-[YTS MX] mp4",
        "url": "http://146.196.48.9/emby/Items/193555/Download?api_key"
    },
    {
        "name": "Tom and Jerry 2021 1080p WEBRip x264-RARBG mp4",
        "url": "http://146.196.48.9/emby/Items/193556/Download?api_key"
    },
    {
        "name": "Finding Callaro 2021 1080p WEBRip x264 AAC5 1-[YTS MX] mp4",
        "url": "http://146.196.48.9/emby/Items/193557/Download?api_key"
    },
    {
        "name": "Tom And Jerry 2021 1080P mkv",
        "url": "http://146.196.48.9/emby/Items/193558/Download?api_key"
    },
    {
        "name": "Vivo 2021 1080p WEBRip x264 AAC5 1-[YTS MX] mp4",
        "url": "http://146.196.48.9/emby/Items/193559/Download?api_key"
    },
    {
        "name": "PAW Patrol The Movie 2021 1080p WEBRip x264 AAC5 1-[YTS MX] mp4",
        "url": "http://146.196.48.9/emby/Items/193560/Download?api_key"
    },
    {
        "name": "Felix And The Hidden Treasure 2021 1080p WEBRip x264 AAC5 1-[YTS MX] mp4",
        "url": "http://146.196.48.9/emby/Items/193561/Download?api_key"
    },
    {
        "name": "The Boss Baby Family Business 2021 1080p mkv",
        "url": "http://146.196.48.9/emby/Items/193562/Download?api_key"
    },
    {
        "name": "Extinct 2021 1080p WEBRip x264-RARBG mp4",
        "url": "http://146.196.48.9/emby/Items/193563/Download?api_key"
    },
    {
        "name": "Trollhunters Rise of the Titans 2021 1080p NF WEBRip 1400MB DD5 1 x264-GalaxyRG mkv",
        "url": "http://146.196.48.9/emby/Items/193564/Download?api_key"
    },
    {
        "name": "Miraculous Tales Of Ladybug Cat Noir Miraculous World Shanghai - The Legend Of Ladydragon 2021 1080p WEBRip x264 AAC5 1-[YTS MX] mp4",
        "url": "http://146.196.48.9/emby/Items/193565/Download?api_key"
    },
    {
        "name": "Moonbound 2021 1080p WEBRip x264 AAC5 1-[YTS MX] mp4",
        "url": "http://146.196.48.9/emby/Items/193566/Download?api_key"
    },
    {
        "name": "Spirit Untamed 2021 1080p BluRay x264 AAC5 1-[YTS MX] mp4",
        "url": "http://146.196.48.9/emby/Items/193567/Download?api_key"
    },
    {
        "name": "Maya The Bee The Golden Orb 1080p WEB-DL DD5 1 H 264-EVO mkv",
        "url": "http://146.196.48.9/emby/Items/193568/Download?api_key"
    },
    {
        "name": "Raya And The Last Dragon 2021 mkv",
        "url": "http://146.196.48.9/emby/Items/193569/Download?api_key"
    },
    {
        "name": "Gintama The Final 2021 1080p WEBRip x264 AAC5 1-[YTS MX] mp4",
        "url": "http://146.196.48.9/emby/Items/193570/Download?api_key"
    },
    {
        "name": "Mobile Suit Gundam Hathaway 2021 1080p BluRay x264 AAC5 1-[YTS MX] mp4",
        "url": "http://146.196.48.9/emby/Items/193571/Download?api_key"
    },
    {
        "name": "Koe no Katachi (A Silent Voice) x264 720p AAC mp4",
        "url": "http://146.196.48.9/emby/Items/193653/Download?api_key"
    },
    {
        "name": "Sausage Party 2016 720p BluRay 800MB ShAaNiG mkv",
        "url": "http://146.196.48.9/emby/Items/193654/Download?api_key"
    },
    {
        "name": "My Little Pony Equestria Girls Legend of Everfree 2016 720p BRRip x264 AAC-ETRG mp4",
        "url": "http://146.196.48.9/emby/Items/193655/Download?api_key"
    },
    {
        "name": "Ansatsu Kyoushitsu 365-nichi no Jikan (BD 852x480p x264 AAC) mkv",
        "url": "http://146.196.48.9/emby/Items/193656/Download?api_key"
    },
    {
        "name": "Assassination Classroom-365 Days 2016 KOR HDRip 720p H264 AAC-STY mp4",
        "url": "http://146.196.48.9/emby/Items/193657/Download?api_key"
    },
    {
        "name": "Kingsglaive Final Fantasy XV 2016 720p BluRay 999MB ShAaNiG mkv",
        "url": "http://146.196.48.9/emby/Items/193658/Download?api_key"
    },
    {
        "name": "Ballerina 2016 720p BRRiP 800MB ShAaNiG mkv",
        "url": "http://146.196.48.9/emby/Items/193659/Download?api_key"
    },
    {
        "name": "Seoul Station 2016 720p BRRip 850MB MkvCage mkv",
        "url": "http://146.196.48.9/emby/Items/193660/Download?api_key"
    },
    {
        "name": "Howard Lovecraft and the Frozen Kingdom 2016 720p BRRip 750MB MkvCage mkv",
        "url": "http://146.196.48.9/emby/Items/193661/Download?api_key"
    },
    {
        "name": "Batman The Killing Joke 2016 720p BRRip 700MB MkvCage mkv",
        "url": "http://146.196.48.9/emby/Items/193662/Download?api_key"
    },
    {
        "name": "The Guardian Brothers 2016 720p WEBRip DD 5 1 x264 ESub mkv",
        "url": "http://146.196.48.9/emby/Items/193663/Download?api_key"
    },
    {
        "name": "Moana 2016 720p BRRip 950MB MkvCage mkv",
        "url": "http://146.196.48.9/emby/Items/193664/Download?api_key"
    },
    {
        "name": "Kizumonogatari Movie I - Tekketsu-hen (720p Blu-ray 8bit AAC) mp4",
        "url": "http://146.196.48.9/emby/Items/193665/Download?api_key"
    },
    {
        "name": "Kubo And The Two Strings 2016 720p BRRip 900MB MkvCage mkv",
        "url": "http://146.196.48.9/emby/Items/193666/Download?api_key"
    },
    {
        "name": "Ice Age The Great Egg-Scapade 2016 720p WEB-DL 550MB MkvCage mkv",
        "url": "http://146.196.48.9/emby/Items/193667/Download?api_key"
    },
    {
        "name": "Barbie Starlight Adnventure 2016 720p BluRay H264 AAC-RARBG mp4",
        "url": "http://146.196.48.9/emby/Items/193668/Download?api_key"
    },
    {
        "name": "LEGO Scooby Doo Haunted Hollywood 2016 720p BRRip 650MB MkvCage mkv",
        "url": "http://146.196.48.9/emby/Items/193669/Download?api_key"
    },
    {
        "name": "Snow White Happily Ever After 2016 HDRip 600MB MkvCage mkv",
        "url": "http://146.196.48.9/emby/Items/193670/Download?api_key"
    },
    {
        "name": "One Piece Film Gold 2016 JAPANESE 720p BRRip 1GB MkvCage mkv",
        "url": "http://146.196.48.9/emby/Items/193671/Download?api_key"
    },
    {
        "name": "Pokemon The Movie Volcanion and The Mechanical Marvel 2016 720p BDRip JAP x264 AAC mkv",
        "url": "http://146.196.48.9/emby/Items/193672/Download?api_key"
    },
    {
        "name": "Kimi No Na Wa 2016 720p BRRip 950MB MkvCage mkv",
        "url": "http://146.196.48.9/emby/Items/193673/Download?api_key"
    },
    {
        "name": "Ghost Patrol 2016 Disney 720p HDTV X264 Solar mp4",
        "url": "http://146.196.48.9/emby/Items/193674/Download?api_key"
    },
    {
        "name": "The Snow Queen 3 2016 720p BRRip 800MB MkvCage mkv",
        "url": "http://146.196.48.9/emby/Items/193675/Download?api_key"
    },
    {
        "name": "Angry Birds 2016 720p BRRip 900MB MkvCage mkv",
        "url": "http://146.196.48.9/emby/Items/193676/Download?api_key"
    },
    {
        "name": "Gantz O 2016 720p BRRip 850MB MkvCage mkv",
        "url": "http://146.196.48.9/emby/Items/193677/Download?api_key"
    },
    {
        "name": "Big Fish and Begonia 2016 HC 720p WEBrip mkv",
        "url": "http://146.196.48.9/emby/Items/193678/Download?api_key"
    },
    {
        "name": "Kizumonogatari_movie_2 mkv",
        "url": "http://146.196.48.9/emby/Items/193679/Download?api_key"
    },
    {
        "name": "Motu Patlu-King Of Kings (2016) DVDRip 720p x264 Dual Audio [Hindi-Tamil] AAC 5 1   Hon3y mkv",
        "url": "http://146.196.48.9/emby/Items/193680/Download?api_key"
    },
    {
        "name": "Storks 2016 720p BRRip 800MB MkvCage mkv",
        "url": "http://146.196.48.9/emby/Items/193681/Download?api_key"
    },
    {
        "name": "In This Corner of the World 2016 720p BRRip MkvCage mkv",
        "url": "http://146.196.48.9/emby/Items/193682/Download?api_key"
    },
    {
        "name": "LEGO DC Comics Super Heroes Justice League Gotham City Breakout 2016 720p BRRip 700MB MkvCage mkv",
        "url": "http://146.196.48.9/emby/Items/193683/Download?api_key"
    },
    {
        "name": "Throne of Elves 2016 720p BRRip 900MB MkvCage mkv",
        "url": "http://146.196.48.9/emby/Items/193684/Download?api_key"
    },
    {
        "name": "Quackerz 2016 720p BRRip 750MB MkvCage mkv",
        "url": "http://146.196.48.9/emby/Items/193685/Download?api_key"
    },
    {
        "name": "Ice Age Collision Course 2016 720p BRRip 850MB MkvCage mkv",
        "url": "http://146.196.48.9/emby/Items/193686/Download?api_key"
    },
    {
        "name": "Spark A Space Tail 2016 720p BRRip 800MB MkvCage mkv",
        "url": "http://146.196.48.9/emby/Items/193687/Download?api_key"
    },
    {
        "name": "Justice League vs Teen Titans 2016 720p BluRay 700MB ShAaNiG mkv",
        "url": "http://146.196.48.9/emby/Items/193688/Download?api_key"
    },
    {
        "name": "Bad Cat 2016 720p BRRip [Dual Audio][English+Turkish] x264 MkvCage ws mkv",
        "url": "http://146.196.48.9/emby/Items/193689/Download?api_key"
    },
    {
        "name": "Accel World - Infinite Burst (BD 1280x720) mp4",
        "url": "http://146.196.48.9/emby/Items/193690/Download?api_key"
    },
    {
        "name": "Persona 5 The Animation - The Day Breakers (BD 720p 10bit AC3) [983D4026] mkv",
        "url": "http://146.196.48.9/emby/Items/193691/Download?api_key"
    },
    {
        "name": "Batman Unlimited Mech vs Mutants 2016 720p WEB-DL 600MB MkvCage mkv",
        "url": "http://146.196.48.9/emby/Items/193692/Download?api_key"
    },
    {
        "name": "Trolland 2016 720p BRRip x264 AAC-ETRG mp4",
        "url": "http://146.196.48.9/emby/Items/193693/Download?api_key"
    },
    {
        "name": "My Life As A Zucchini 2016 RERIP 720p BRRip 650MB MkvCage mkv",
        "url": "http://146.196.48.9/emby/Items/193694/Download?api_key"
    },
    {
        "name": "Bling 2016 720p BRRip 700MB MkvCage mkv",
        "url": "http://146.196.48.9/emby/Items/193695/Download?api_key"
    },
    {
        "name": "LEGO DC Comics Super Heroes Justice League Cosmic Clash 2016 720p BRRip 700MB MkvCage mkv",
        "url": "http://146.196.48.9/emby/Items/193696/Download?api_key"
    },
    {
        "name": "Doraemon the Movie Nobita and the Birth of Japan 2016 BluRay 720p 800MB Ganool cc mkv",
        "url": "http://146.196.48.9/emby/Items/193697/Download?api_key"
    },
    {
        "name": "Doraemon Nobita and the Birth of Japan 2016 720p MP4",
        "url": "http://146.196.48.9/emby/Items/193698/Download?api_key"
    },
    {
        "name": "Nerdland 2016 720p WEB-DL650MB MkvCage mkv",
        "url": "http://146.196.48.9/emby/Items/193699/Download?api_key"
    },
    {
        "name": "Kung Fu Panda Secrets of the Scroll 2016 SHORT 720p WEB-DL 200MB MkvCage mkv",
        "url": "http://146.196.48.9/emby/Items/193700/Download?api_key"
    },
    {
        "name": "Your Name (Kimi no Na wa) (2016) [Dual Audio][10bit [BD 720p][MeGaTroN] mkv",
        "url": "http://146.196.48.9/emby/Items/193701/Download?api_key"
    },
    {
        "name": "Elephant Kingdom 2016 720p WEBRip 700 MB - iExTV mp4",
        "url": "http://146.196.48.9/emby/Items/193702/Download?api_key"
    },
    {
        "name": "Sheep and Wolves 2016 720p BRRip x264 AAC-ETRG mp4",
        "url": "http://146.196.48.9/emby/Items/193703/Download?api_key"
    },
    {
        "name": "Monster High Welcome to Monster High 2016 720p BluRay 650MB ShAaNiG mkv",
        "url": "http://146.196.48.9/emby/Items/193704/Download?api_key"
    },
    {
        "name": "Scooby-Doo And WWE Curse of the Speed Demon 2016 720p BRRip 700MB MkvCage mkv",
        "url": "http://146.196.48.9/emby/Items/193705/Download?api_key"
    },
    {
        "name": "Finding Dory 2016 720p BluRay 900MB ShAaNiG mkv",
        "url": "http://146.196.48.9/emby/Items/193706/Download?api_key"
    },
    {
        "name": "Sing 2016 720p BluRay 999MB ShAaNiG mkv",
        "url": "http://146.196.48.9/emby/Items/193707/Download?api_key"
    },
    {
        "name": "Norm of the North 2016 720p BluRay 750MB ShAaNiG mkv",
        "url": "http://146.196.48.9/emby/Items/193708/Download?api_key"
    },
    {
        "name": "Legend of Ravaging Dynasties (2016) 720p mp4",
        "url": "http://146.196.48.9/emby/Items/193709/Download?api_key"
    },
    {
        "name": "Barbie Spy Squad 2016 720p BRRip 650MB MkvCage mkv",
        "url": "http://146.196.48.9/emby/Items/193710/Download?api_key"
    },
    {
        "name": "Shelter (2016) [BluRay 720p x264][Pahe in] mkv",
        "url": "http://146.196.48.9/emby/Items/193711/Download?api_key"
    },
    {
        "name": "Surfs Up 2 WaveMania 2017 720p WEB-DL 800MB ShAaNiG mkv",
        "url": "http://146.196.48.9/emby/Items/193712/Download?api_key"
    },
    {
        "name": "My Entire High School Sinking Into the Sea 2016 720p BRRip 700MB MkvCage mkv",
        "url": "http://146.196.48.9/emby/Items/193713/Download?api_key"
    },
    {
        "name": "Rock Dog 2016 720p BRRip 800MB MkvCage mkv",
        "url": "http://146.196.48.9/emby/Items/193714/Download?api_key"
    },
    {
        "name": "The Red Turtle 2016 720p BRRip 750MB MkvCage mkv",
        "url": "http://146.196.48.9/emby/Items/193715/Download?api_key"
    },
    {
        "name": "Hulk Where Monsters Dwell 2016 720p WEB-DL 600MB MkvCage mkv",
        "url": "http://146.196.48.9/emby/Items/193716/Download?api_key"
    },
    {
        "name": "Trolls 2016 720p BRRip 850MB MkvCage mkv",
        "url": "http://146.196.48.9/emby/Items/193717/Download?api_key"
    },
    {
        "name": "Chaar Sahibzaade Rise of Banda Singh Bahadur (2016) Hindi 720p WEB-HD ESub-SunGeorge mkv",
        "url": "http://146.196.48.9/emby/Items/193718/Download?api_key"
    },
    {
        "name": "The Cat In The Hat Knows A Lot About Halloween 2016 720p HDTV x264-W4F mkv",
        "url": "http://146.196.48.9/emby/Items/193719/Download?api_key"
    },
    {
        "name": "Little Door Gods 2015 HD720P X264 AAC Mandarin CHS-ENG Mp4Ba mp4",
        "url": "http://146.196.48.9/emby/Items/193720/Download?api_key"
    },
    {
        "name": "[NoobSubs] Persona 3 The Movie #4 - Winter of Rebirth (720p Blu-ray 8bit AAC) mp4",
        "url": "http://146.196.48.9/emby/Items/193721/Download?api_key"
    },
    {
        "name": "Ozzy 2016 720p BluRay 850MB ShAaNiG mkv",
        "url": "http://146.196.48.9/emby/Items/193722/Download?api_key"
    },
    {
        "name": "Kung Fu Panda 3 2016 720p BRRip 850MB MkvCage mkv",
        "url": "http://146.196.48.9/emby/Items/193723/Download?api_key"
    },
    {
        "name": "Batman Bad Blood 2016 720p BRRip 650MB MkvCage mkv",
        "url": "http://146.196.48.9/emby/Items/193724/Download?api_key"
    },
    {
        "name": "Chhota Bheem Himalayan Adventure 2016 Hindi 720p DvDRip x264 AAC - Hon3y mkv",
        "url": "http://146.196.48.9/emby/Items/193725/Download?api_key"
    },
    {
        "name": "DC Super Hero Girls Hero of the Year 2016 720p WEBRip 550 MB - iExTV mp4",
        "url": "http://146.196.48.9/emby/Items/193726/Download?api_key"
    },
    {
        "name": "Ratchet and Clank 2016 720p BRRip 850MB MkvCage mkv",
        "url": "http://146.196.48.9/emby/Items/193727/Download?api_key"
    },
    {
        "name": "The Secret Life of Pets 2016 720p BRRip 800MB MkvCage mkv",
        "url": "http://146.196.48.9/emby/Items/193728/Download?api_key"
    },
    {
        "name": "Robinson Crusoe 2016 720p BRRip 700MB MkvCage mkv",
        "url": "http://146.196.48.9/emby/Items/193729/Download?api_key"
    },
    {
        "name": "Monster High The Great Scarrier Reef 2016 720p BRRip 650MB MkvCage mkv",
        "url": "http://146.196.48.9/emby/Items/193730/Download?api_key"
    },
    {
        "name": "Zootopia 2016 720p BRRip 950MB MkvCage mkv",
        "url": "http://146.196.48.9/emby/Items/193731/Download?api_key"
    },
    {
        "name": "Batman Return of the Caped Crusaders 2016 720p BluRay 700MB ShAaNiG mkv",
        "url": "http://146.196.48.9/emby/Items/193732/Download?api_key"
    },
    {
        "name": "Izzies Way Home 2016 BluRay 720p 550MB Ganool mkv",
        "url": "http://146.196.48.9/emby/Items/193733/Download?api_key"
    },
    {
        "name": "Detective Conan MOVIE 20 - The Darkest Nightmare [English Subbed] 720p x264 [Korean Audio] mkv",
        "url": "http://146.196.48.9/emby/Items/193734/Download?api_key"
    },
    {
        "name": "Detective Conan Movie 20 - The Darkest Nightmare [x264_720p_AAC] mp4",
        "url": "http://146.196.48.9/emby/Items/193735/Download?api_key"
    },
    {
        "name": "The Ten Commandments 2007 XviD avi",
        "url": "http://146.196.48.9/emby/Items/193762/Download?api_key"
    },
    {
        "name": "Kara no Kyoukai 1 - Fukan Fuukei (BD 1280x720) mp4",
        "url": "http://146.196.48.9/emby/Items/193763/Download?api_key"
    },
    {
        "name": "ShrekTheThird [2007] mp4",
        "url": "http://146.196.48.9/emby/Items/193764/Download?api_key"
    },
    {
        "name": "Bleach the Movie 2-The Diamond Dust Rebellion (2007) 720p ESub [Dual Audio][English+Japanese] mkv",
        "url": "http://146.196.48.9/emby/Items/193765/Download?api_key"
    },
    {
        "name": "Death Note ReLight - Visions of a God (2007) [720p] [x265] [pseudo] mkv",
        "url": "http://146.196.48.9/emby/Items/193766/Download?api_key"
    },
    {
        "name": "Bee Movie (2007) 720p BRRip [Dual Audio] [Eng-Hindi] mkv",
        "url": "http://146.196.48.9/emby/Items/193767/Download?api_key"
    },
    {
        "name": "Battle For Terra 2007 720p BRRip x264-x0r mkv",
        "url": "http://146.196.48.9/emby/Items/193768/Download?api_key"
    },
    {
        "name": "Race 2007 avi",
        "url": "http://146.196.48.9/emby/Items/193769/Download?api_key"
    },
    {
        "name": "Ratatouille 2007 BRRip mkv",
        "url": "http://146.196.48.9/emby/Items/193770/Download?api_key"
    },
    {
        "name": "Superman Doomsday 2007 720p BrRip x264 Deceit YIFY mp4",
        "url": "http://146.196.48.9/emby/Items/193771/Download?api_key"
    },
    {
        "name": "Simpsons The Movie 2007 BluRay 720p H264 mp4",
        "url": "http://146.196.48.9/emby/Items/193772/Download?api_key"
    },
    {
        "name": "Persepolis 2007 720p BluRay x264 AAC - Ozlem mp4",
        "url": "http://146.196.48.9/emby/Items/193773/Download?api_key"
    },
    {
        "name": "Tengen_Toppa_Gurren_Lagann_The_Movie_-_Lagann-hen_[8A75A457] mkv",
        "url": "http://146.196.48.9/emby/Items/193774/Download?api_key"
    },
    {
        "name": "Alvin And The Chipmunks 2007 720p BluRay x264 [YTS AG] mp4",
        "url": "http://146.196.48.9/emby/Items/193775/Download?api_key"
    },
    {
        "name": "Naruto Shippuuden-The Movie 1 (2007) 720p BluRay [Dual Audio] [ChoeyXD] mkv",
        "url": "http://146.196.48.9/emby/Items/193776/Download?api_key"
    },
    {
        "name": "5 Centimeters per Second 2007 720p BRRip 550MB MkvCage mkv",
        "url": "http://146.196.48.9/emby/Items/193777/Download?api_key"
    },
    {
        "name": "[KaMi]_one_piece_movie_08_the_desert_princess_and_the_pirates_(bd_720p) mkv",
        "url": "http://146.196.48.9/emby/Items/193778/Download?api_key"
    },
    {
        "name": "Kara no Kyoukai 2 - Satsujin Kousatsu [Zen] (BD 1280x720) mp4",
        "url": "http://146.196.48.9/emby/Items/193779/Download?api_key"
    },
    {
        "name": "Beowulf 2007 720p BrRip x264 Deceit YIFY mp4",
        "url": "http://146.196.48.9/emby/Items/193780/Download?api_key"
    },
    {
        "name": "Meet The Robinsons 2007 720p BRrip x264 YIFY mp4",
        "url": "http://146.196.48.9/emby/Items/193781/Download?api_key"
    },
    {
        "name": "Detective Conan 2007 Jolly Roger in the Deep Azure 720p BluRay x264 800MB-Pahe in mkv",
        "url": "http://146.196.48.9/emby/Items/193782/Download?api_key"
    },
    {
        "name": "TMNT [2007] 720p BRRip [Dual Audio] [English + Hindi] mkv",
        "url": "http://146.196.48.9/emby/Items/193783/Download?api_key"
    },
    {
        "name": "Strait Jacket (2007) [Estreno DVD 2013][DVDRip][Castellano] avi",
        "url": "http://146.196.48.9/emby/Items/193784/Download?api_key"
    },
    {
        "name": "Sword of the Stranger [ENG] 720p BDRip salman sk mkv",
        "url": "http://146.196.48.9/emby/Items/193785/Download?api_key"
    },
    {
        "name": "Surfs Up 2007 720p BrRip x264 YIFY mkv",
        "url": "http://146.196.48.9/emby/Items/193786/Download?api_key"
    },
    {
        "name": "Doraemon The Movie Jadoo Mantar Aur Jahnoom 720p (Hindi) mkv",
        "url": "http://146.196.48.9/emby/Items/193787/Download?api_key"
    },
    {
        "name": "Mummies 2023 1080p WEBRip DD5 1 x264 mkv",
        "url": "http://146.196.48.9/emby/Items/193788/Download?api_key"
    },
    {
        "name": "Miraculous Ladybug And Cat Noir 2023 1080p Hindi English Esubs mkv",
        "url": "http://146.196.48.9/emby/Items/193789/Download?api_key"
    },
    {
        "name": "Migration 2023 1080p WEB-DL English ESubs mkv",
        "url": "http://146.196.48.9/emby/Items/193790/Download?api_key"
    },
    {
        "name": "Elemental 2023 1080p WEBRip DD5 1 x264 mkv",
        "url": "http://146.196.48.9/emby/Items/193791/Download?api_key"
    },
    {
        "name": "Scarygirl 2023 1080p WEBRip x264 AAC5 1 mp4",
        "url": "http://146.196.48.9/emby/Items/193792/Download?api_key"
    },
    {
        "name": "The Swan Princess Far Longer Than Forever 2023 WebRip 1080p Hin Eng DD 5 1 x264 ESub mkv",
        "url": "http://146.196.48.9/emby/Items/193793/Download?api_key"
    },
    {
        "name": "Leo 2023 WebRip 1080p Hindi English DD 5 1 x264 MSubs mkv",
        "url": "http://146.196.48.9/emby/Items/193794/Download?api_key"
    },
    {
        "name": "The Super Mario Bros Movie 2023 1080P Web-Dl English Esub mkv",
        "url": "http://146.196.48.9/emby/Items/193795/Download?api_key"
    },
    {
        "name": "Cricket Antoinette 2023 1080p WEBRip x264 AAC5 1 mp4",
        "url": "http://146.196.48.9/emby/Items/193796/Download?api_key"
    },
    {
        "name": "Under The Boardwalk 2023 1080p WEBRip DD5 1 x264 mkv",
        "url": "http://146.196.48.9/emby/Items/193797/Download?api_key"
    },
    {
        "name": "The Monkey King 2023 1080p WEB-DL HIN+ENG DDP5 1 H 265 HEVC ESUB mkv",
        "url": "http://146.196.48.9/emby/Items/193798/Download?api_key"
    },
    {
        "name": "Wish 2023 1080p WEBRip DD5 1 x264 mkv",
        "url": "http://146.196.48.9/emby/Items/193799/Download?api_key"
    },
    {
        "name": "Puppy Love 2023 1080p WEBRip DD5 1 x264 mkv",
        "url": "http://146.196.48.9/emby/Items/193800/Download?api_key"
    },
    {
        "name": "Mavka The Forest Song 2023 1080p WEBRip DD5 1 x264 mkv",
        "url": "http://146.196.48.9/emby/Items/193801/Download?api_key"
    },
    {
        "name": "Ruby Gillman Teenage Kraken 2023 Hindi English Dual Audio WEB-DL 1080p ESub mkv",
        "url": "http://146.196.48.9/emby/Items/193802/Download?api_key"
    },
    {
        "name": "[KaMi]_one_piece_movie_05_the_cursed_holy_sword_(bd_720p) mkv",
        "url": "http://146.196.48.9/emby/Items/193820/Download?api_key"
    },
    {
        "name": "Detective Conan - Movie 08 - Magician of the Silver Sky [DCTP][720p] mkv",
        "url": "http://146.196.48.9/emby/Items/193821/Download?api_key"
    },
    {
        "name": "Howls Moving Castle 2004 720 DualAudio x264 YIFY  mkv",
        "url": "http://146.196.48.9/emby/Items/193822/Download?api_key"
    },
    {
        "name": "The Place Promised In Our Early Days (2004) 720p [Jpn + Subs] Blu-ray mp4",
        "url": "http://146.196.48.9/emby/Items/193823/Download?api_key"
    },
    {
        "name": "Home on the Range 2004 720p BluRay x264 YIFY mp4",
        "url": "http://146.196.48.9/emby/Items/193824/Download?api_key"
    },
    {
        "name": "Polar Express 2004 720p BrRip x264 YIFY mp4",
        "url": "http://146.196.48.9/emby/Items/193825/Download?api_key"
    },
    {
        "name": "Ghost in the Shell 2 Innocence (2004) 720p BRRiP x264 AAC [Team Nanban] mp4",
        "url": "http://146.196.48.9/emby/Items/193826/Download?api_key"
    },
    {
        "name": "Shrek 2 2004 mp4",
        "url": "http://146.196.48.9/emby/Items/193827/Download?api_key"
    },
    {
        "name": "Mickey, Donald, Goofy The Three Musketeers 2004 720p BluRay x264 YIFY mp4",
        "url": "http://146.196.48.9/emby/Items/193828/Download?api_key"
    },
    {
        "name": "Naruto Movie 1-Ninja Clash in the Land of Snow (2004) 720p BluRay [Dual Audio] [ChoeyXD] mkv",
        "url": "http://146.196.48.9/emby/Items/193829/Download?api_key"
    },
    {
        "name": "Appleseed 2004 1080p BluRay x264-[YTS LT] mp4",
        "url": "http://146.196.48.9/emby/Items/193830/Download?api_key"
    },
    {
        "name": "Once Upon a Halloween (2004) MP4",
        "url": "http://146.196.48.9/emby/Items/193831/Download?api_key"
    },
    {
        "name": "The Incredibles 2004 720p BRRip 1GB MkvCage mkv",
        "url": "http://146.196.48.9/emby/Items/193832/Download?api_key"
    },
    {
        "name": "Steamboy (2004) 720p BrRip by maric62985 mkv",
        "url": "http://146.196.48.9/emby/Items/193833/Download?api_key"
    },
    {
        "name": "Van Helsing The London Assignment (2004) mp4",
        "url": "http://146.196.48.9/emby/Items/193834/Download?api_key"
    },
    {
        "name": "Shark Tale (2004) avi",
        "url": "http://146.196.48.9/emby/Items/193835/Download?api_key"
    },
    {
        "name": "The Lion King 3 2004 BluRay 720p x264 YIFY mp4",
        "url": "http://146.196.48.9/emby/Items/193836/Download?api_key"
    },
    {
        "name": "Atlantis Milo's Return (2003) MP4",
        "url": "http://146.196.48.9/emby/Items/193848/Download?api_key"
    },
    {
        "name": "Tokyo Godfathers (2003) 720p BRRiP x264 AAC [Team Nanban] mp4",
        "url": "http://146.196.48.9/emby/Items/193849/Download?api_key"
    },
    {
        "name": "The Jungle Book 2 (2003) 720p HDRip x264 [Dual-Audio] [Eng-Hindi] [250MB] mkv",
        "url": "http://146.196.48.9/emby/Items/193850/Download?api_key"
    },
    {
        "name": "The Animatrix 2003 720p BluRay x264 YIFY mp4",
        "url": "http://146.196.48.9/emby/Items/193851/Download?api_key"
    },
    {
        "name": "Finding Nemo 2003 720p BluRay x264 YIFY mp4",
        "url": "http://146.196.48.9/emby/Items/193852/Download?api_key"
    },
    {
        "name": "Sinbad Legend of the Seven Seas (2003) BRRip 720p x264 [Dual Audio] [Hindi+English]--prisak~~{HKRG} mkv",
        "url": "http://146.196.48.9/emby/Items/193853/Download?api_key"
    },
    {
        "name": "Detective Conan 2003 Crossroad in the Ancient Capital 720p BluRay x264 800MB-Pahe in mkv",
        "url": "http://146.196.48.9/emby/Items/193854/Download?api_key"
    },
    {
        "name": "Piglet's Big Movie (2003) MP4",
        "url": "http://146.196.48.9/emby/Items/193855/Download?api_key"
    },
    {
        "name": "[KaMi]_one_piece_movie_04_dead_end_adventure_(bd_720p) mkv",
        "url": "http://146.196.48.9/emby/Items/193856/Download?api_key"
    },
    {
        "name": "Batman Mystery Of The Batwoman 720p x264-1 mp4",
        "url": "http://146.196.48.9/emby/Items/193857/Download?api_key"
    },
    {
        "name": "(project-gxs)_Voices_of_a_Distant_Star_(Hoshi_no_Koe)_(10bit_DVD_672x504)_[niizk] mkv",
        "url": "http://146.196.48.9/emby/Items/193858/Download?api_key"
    },
    {
        "name": "Voices_of_a_Distant_Star_(Hoshi_no_Koe)_(10bit_DVD_672x504)_[niizk] mkv",
        "url": "http://146.196.48.9/emby/Items/193859/Download?api_key"
    },
    {
        "name": "Barbie Princesse Raiponce avi",
        "url": "http://146.196.48.9/emby/Items/193874/Download?api_key"
    },
    {
        "name": "Disney - Hunchback of Notre Dame 2 for PSP (MP4) MP4",
        "url": "http://146.196.48.9/emby/Items/193875/Download?api_key"
    },
    {
        "name": "Muhammad The Last Prophet DVDRip Xvid avi",
        "url": "http://146.196.48.9/emby/Items/193876/Download?api_key"
    },
    {
        "name": "The Cat Returns (2002) 720p [Jpn 5 1 & Eng] Blu-ray mp4",
        "url": "http://146.196.48.9/emby/Items/193877/Download?api_key"
    },
    {
        "name": "Treasure Planet 2002 720p BluRay x264 YIFY mp4",
        "url": "http://146.196.48.9/emby/Items/193878/Download?api_key"
    },
    {
        "name": "Case Closed (Detective Conan) Movie - 06 (The Phantom Of Baker Street) [720p] [Dual Audio] mkv",
        "url": "http://146.196.48.9/emby/Items/193879/Download?api_key"
    },
    {
        "name": "Ice Age 2002 mp4",
        "url": "http://146.196.48.9/emby/Items/193880/Download?api_key"
    },
    {
        "name": "Mickeys House of Villains 2002 avi",
        "url": "http://146.196.48.9/emby/Items/193881/Download?api_key"
    },
    {
        "name": "Peter Pan 2 Return to Never Land (2002) MP4",
        "url": "http://146.196.48.9/emby/Items/193882/Download?api_key"
    },
    {
        "name": "Stuart Little 2(2002) 720p BrRip x264 Dual audio (Eng-Hin) {mjRocks91} mkv",
        "url": "http://146.196.48.9/emby/Items/193883/Download?api_key"
    },
    {
        "name": "[KaMi]_one_piece_movie_03_choppers_kingdom_on_the_island_of_strange_animals_(bd_720p) mkv",
        "url": "http://146.196.48.9/emby/Items/193884/Download?api_key"
    },
    {
        "name": "Alibaba (2002) Hindi 640p NF WEB-DL AVC AC [Torrenta2z] mkv",
        "url": "http://146.196.48.9/emby/Items/193885/Download?api_key"
    },
    {
        "name": "Spirit Stallion Of The Cimarron 720p HDTV x264 YIFY mp4",
        "url": "http://146.196.48.9/emby/Items/193886/Download?api_key"
    },
    {
        "name": "Lilo and Stitch 2002 720p BluRay x264 YIFY mp4",
        "url": "http://146.196.48.9/emby/Items/193887/Download?api_key"
    },
    {
        "name": "Birdboy The Forgotten Children 2015 720p BluRay x264-SADPANDA mkv",
        "url": "http://146.196.48.9/emby/Items/193953/Download?api_key"
    },
    {
        "name": "The Empire of Corpses AKA Shisha no teikoku 2015-720p [Dual-Audio] mkv",
        "url": "http://146.196.48.9/emby/Items/193954/Download?api_key"
    },
    {
        "name": "Bilal A New Breed of Hero 2015 720p WEB-DL MkvCage ws mkv",
        "url": "http://146.196.48.9/emby/Items/193955/Download?api_key"
    },
    {
        "name": "Batman Unlimited Animal Instincts 2015 720p BRRip 700MB MkvCage mkv",
        "url": "http://146.196.48.9/emby/Items/193956/Download?api_key"
    },
    {
        "name": "Home 2015 720p BluRay x264 YIFY mp4",
        "url": "http://146.196.48.9/emby/Items/193957/Download?api_key"
    },
    {
        "name": "Shaun the Sheep Movie 2015 720p BluRay x264 YIFY mp4",
        "url": "http://146.196.48.9/emby/Items/193958/Download?api_key"
    },
    {
        "name": "Batman Unlimited Monster Mayhem 2015 720p BluRay H264 AAC-RARBG mp4",
        "url": "http://146.196.48.9/emby/Items/193959/Download?api_key"
    },
    {
        "name": "10000 Years Later 2015 720p WEB-DL 1 25GB ESubs-NBY mp4",
        "url": "http://146.196.48.9/emby/Items/193960/Download?api_key"
    },
    {
        "name": "April and the Extraordinary World 2015 720p BRRip 950MB MkvCage mkv",
        "url": "http://146.196.48.9/emby/Items/193961/Download?api_key"
    },
    {
        "name": "The Good Dinosaur 2015 720p BRRip 800MB mkv",
        "url": "http://146.196.48.9/emby/Items/193962/Download?api_key"
    },
    {
        "name": "Curious George 3 Back to the Jungle 2015 720p BluRay x264 YIFY mp4",
        "url": "http://146.196.48.9/emby/Items/193963/Download?api_key"
    },
    {
        "name": "Pixies 2015 720p BRRip 700MB MkvCage mkv",
        "url": "http://146.196.48.9/emby/Items/193964/Download?api_key"
    },
    {
        "name": "Psycho-Pass The Movie (2015) BD (10-bit x264 720p AAC) [Dual-Audio] mkv",
        "url": "http://146.196.48.9/emby/Items/193965/Download?api_key"
    },
    {
        "name": "Monkey King Hero is Back 2015 720p HC HDRip 700MB MkvCage mkv",
        "url": "http://146.196.48.9/emby/Items/193966/Download?api_key"
    },
    {
        "name": "All Creatures Big and Small (2015) 720p BRRip 750MB MkvCage mkv",
        "url": "http://146.196.48.9/emby/Items/193967/Download?api_key"
    },
    {
        "name": "My Little Pony Equestria Girls Friendship Games 2015 720p BRRip 650MB MkvCage mkv",
        "url": "http://146.196.48.9/emby/Items/193968/Download?api_key"
    },
    {
        "name": "The Stone Boy (2015) 720p HDrip X264 Solar mp4",
        "url": "http://146.196.48.9/emby/Items/193969/Download?api_key"
    },
    {
        "name": "Monster High Haunted 2015 HDRip XviD MP3-RBG avi",
        "url": "http://146.196.48.9/emby/Items/193970/Download?api_key"
    },
    {
        "name": "Anthem of the Heart 2015 Bluray 720p Ganool mkv",
        "url": "http://146.196.48.9/emby/Items/193971/Download?api_key"
    },
    {
        "name": "Tom and Jerry Spy Quest 2015 720p WEB-DL 550MB MkvCage mkv",
        "url": "http://146.196.48.9/emby/Items/193972/Download?api_key"
    },
    {
        "name": "The Little Prince 2015 720p BRRip 1GB MkvCage mkv",
        "url": "http://146.196.48.9/emby/Items/193973/Download?api_key"
    },
    {
        "name": "Justice League Gods and Monsters 2015 720p BRRip 650MB MkvCage mkv",
        "url": "http://146.196.48.9/emby/Items/193974/Download?api_key"
    },
    {
        "name": "Hell and Back 2015 720p BRRip 750MB MkvCage mkv",
        "url": "http://146.196.48.9/emby/Items/193975/Download?api_key"
    },
    {
        "name": "The Peanut Movie 2015 720p BRRip 750MB MkvCage mkv",
        "url": "http://146.196.48.9/emby/Items/193976/Download?api_key"
    },
    {
        "name": "Hotel Transylvania 2 2015 720p BRRip 750MB MkvCage mkv",
        "url": "http://146.196.48.9/emby/Items/193977/Download?api_key"
    },
    {
        "name": "The Boy and the Beast 2015 720p BRRip 1GB MkvCage mkv",
        "url": "http://146.196.48.9/emby/Items/193978/Download?api_key"
    },
    {
        "name": "Extraordinary Tales 2015 UNRATED 720p WEB-DL 550MB MkvCage mkv",
        "url": "http://146.196.48.9/emby/Items/193979/Download?api_key"
    },
    {
        "name": "A Mouse Tale 2015 720p WEB-DL 700MB MkvCage mkv",
        "url": "http://146.196.48.9/emby/Items/193980/Download?api_key"
    },
    {
        "name": "Batman vs Robin 2015 720p BRRip 750MB MkvCage mkv",
        "url": "http://146.196.48.9/emby/Items/193981/Download?api_key"
    },
    {
        "name": "Detective Conan Movie 19 - Sunflowers Of Inferno [720p-AAC] mp4",
        "url": "http://146.196.48.9/emby/Items/193982/Download?api_key"
    },
    {
        "name": "Snowtime 2015 720p BRRip 700MB MkvCage mkv",
        "url": "http://146.196.48.9/emby/Items/193983/Download?api_key"
    },
    {
        "name": "The SpongeBob Movie Sponge Out of Water 2015 720p BRRip 850MB MkvCage mkv",
        "url": "http://146.196.48.9/emby/Items/193984/Download?api_key"
    },
    {
        "name": "Alvin And The Chipmunks The Road Chip 2015 720p BRRip 800MB MkvCage mkv",
        "url": "http://146.196.48.9/emby/Items/193985/Download?api_key"
    },
    {
        "name": "Halo The Fall of Reach 2015 720p BRRip 550MB MkvCage mkv",
        "url": "http://146.196.48.9/emby/Items/193986/Download?api_key"
    },
    {
        "name": "The Flintstones and WWE Stone Age Smackdown (2015) BluRay 720p mkv",
        "url": "http://146.196.48.9/emby/Items/193987/Download?api_key"
    },
    {
        "name": "Justice League Throne of Atlantis 2015 720p WEB-DL 550MB MkvCage com mkv",
        "url": "http://146.196.48.9/emby/Items/193988/Download?api_key"
    },
    {
        "name": "Scooby Doo Moon Monster Madness 2015 720p WEB-DL 600MB MkvCage mkv",
        "url": "http://146.196.48.9/emby/Items/193989/Download?api_key"
    },
    {
        "name": "Dragon Ball Z Resurrection F 2015 720p BRRip DA 900MB MkvCage mkv",
        "url": "http://146.196.48.9/emby/Items/193990/Download?api_key"
    },
    {
        "name": "The Lion Guard-Return of the Roar 2015 720p HDTV 350MB MkvCage mkv",
        "url": "http://146.196.48.9/emby/Items/193991/Download?api_key"
    },
    {
        "name": "A Warrior's Tail 2015 720p WEB-DL 650MB MkvCage mkv",
        "url": "http://146.196.48.9/emby/Items/193992/Download?api_key"
    },
    {
        "name": "Strange Magic 2015 720p WEB-DL 750MB MkvCage mkv",
        "url": "http://146.196.48.9/emby/Items/193993/Download?api_key"
    },
    {
        "name": "Get Squirrely 2015 720p BRRip 750MB MkvCage mkv",
        "url": "http://146.196.48.9/emby/Items/193994/Download?api_key"
    },
    {
        "name": "[NoobSubs] Persona 3 The Movie #3 - Falling Down (720p Blu-ray 8bit AAC) mp4",
        "url": "http://146.196.48.9/emby/Items/193995/Download?api_key"
    },
    {
        "name": "The Jungle Book Waterfall Rescue 2015 DVDRip avi",
        "url": "http://146.196.48.9/emby/Items/193996/Download?api_key"
    },
    {
        "name": "Ghost in the Shell Arise Pyrophoric Cult 2015 720p BluRay x264 Japanese AAC-ETRG mp4",
        "url": "http://146.196.48.9/emby/Items/193997/Download?api_key"
    },
    {
        "name": "LEGO Justice League Attack of the Legion of Doom 2015 720p BluRay H264 AAC mp4",
        "url": "http://146.196.48.9/emby/Items/193998/Download?api_key"
    },
    {
        "name": "Minions 2015 720p BRRip 850MB MkvCage mkv",
        "url": "http://146.196.48.9/emby/Items/193999/Download?api_key"
    },
    {
        "name": "Inside Out 2015 720p BluRay x264 YIFY mp4",
        "url": "http://146.196.48.9/emby/Items/194000/Download?api_key"
    },
    {
        "name": "Looney Tunes Rabbit Run 2015 720p WEB-DL 550MB MkvCage mkv",
        "url": "http://146.196.48.9/emby/Items/194001/Download?api_key"
    },
    {
        "name": "The Murder Case Of Hana And Alice (2015) Japanese 720p BluRay x264 mkv",
        "url": "http://146.196.48.9/emby/Items/194002/Download?api_key"
    },
    {
        "name": "Capture the Flag 2015 720p BRRip 850MB MkvCage mkv",
        "url": "http://146.196.48.9/emby/Items/194003/Download?api_key"
    },
    {
        "name": "Back To The Jurassic 2015 720p BluRay H264 AAC-RARBG mp4",
        "url": "http://146.196.48.9/emby/Items/194004/Download?api_key"
    },
    {
        "name": "Anomalisa 2015 720p BRRip 800MB MkvCage mkv",
        "url": "http://146.196.48.9/emby/Items/194005/Download?api_key"
    },
    {
        "name": "Frozen Fever (2015) 720p BluRay - 80MB - Zaeem mkv",
        "url": "http://146.196.48.9/emby/Items/194006/Download?api_key"
    },
    {
        "name": "Monkey Kingdom 2015 1080p BluRay x264-[YTS LT] mp4",
        "url": "http://146.196.48.9/emby/Items/194007/Download?api_key"
    },
    {
        "name": "Chota Bheem 10-10 (2015) - Hindi - WEBHD-Rip avi",
        "url": "http://146.196.48.9/emby/Items/194008/Download?api_key"
    },
    {
        "name": "Harmony 2015 BR720p h264-AAC mp4",
        "url": "http://146.196.48.9/emby/Items/194009/Download?api_key"
    },
    {
        "name": "Boruto-Naruto the Movie (2015) 720p WEB-DL [Kor  Audio] mkv",
        "url": "http://146.196.48.9/emby/Items/194010/Download?api_key"
    },
    {
        "name": "Girls Und Panzer The Movie 2015 1080p BluRay x264-[YTS LT] mp4",
        "url": "http://146.196.48.9/emby/Items/194011/Download?api_key"
    },
    {
        "name": "Barbie in Princess Power (2015) 720p mp4",
        "url": "http://146.196.48.9/emby/Items/194012/Download?api_key"
    },
    {
        "name": "Scooby Doo! And Kiss Rock and Roll Mystery 2015 720p BluRay x264 YIFY mp4",
        "url": "http://146.196.48.9/emby/Items/194013/Download?api_key"
    },
    {
        "name": "November 10th 2015 720p AMZN WEB-DL800MB MkvCage mkv",
        "url": "http://146.196.48.9/emby/Items/194014/Download?api_key"
    },
    {
        "name": "Ghost in the Shell The New Movie 2015 720p BRRip 900MB MkvCage mkv",
        "url": "http://146.196.48.9/emby/Items/194015/Download?api_key"
    },
    {
        "name": "Open Season Scared Silly 2015 720p BRRip 750MB MkvCage mkv",
        "url": "http://146.196.48.9/emby/Items/194016/Download?api_key"
    },
    {
        "name": "Batman Unlimited Monster Mayhem 2015 1080p BluRay x264-[YTS LT] mp4",
        "url": "http://146.196.48.9/emby/Items/194017/Download?api_key"
    }
]